<?xml version="1.0" encoding="utf-8" ?>
<dwsync>
<file name="jquery-1.4.2.js" server="D:/xampp/htdocs/fcra/" local="129301661480000000" remote="129301661480000000" />
<file name="jquery.jcarousel.js" server="D:/xampp/htdocs/fcra/" local="129301661480000000" remote="129301661480000000" />
<file name="jquery.easing.1.3.js" server="D:/xampp/htdocs/fcra/" local="129301661480000000" remote="129301661480000000" />
<file name="swfobject.js" server="D:/xampp/htdocs/fcra/" local="129301661480000000" remote="129301661480000000" />
<file name="js-func.js" server="D:/xampp/htdocs/fcra/" local="129301661480000000" remote="129301661480000000" />
<file name="jquery.min.js" server="D:/xampp/htdocs/fcra/" local="130106081480000000" remote="130106081480000000" />
<file name="jquery.validate.js" server="D:/xampp/htdocs/fcra/" local="130106081480000000" remote="130106081480000000" />
<file name="validform.js" server="D:/xampp/htdocs/fcra/" local="130110917211875000" remote="130110917210000000" />
</dwsync>