<?xml version="1.0" encoding="utf-8" ?>
<dwsync>
<file name="body-bg.png" server="D:/xampp/htdocs/fcra/" local="129775376280000000" remote="129775376280000000" />
<file name="foreign-contribution-regulation-act.png" server="D:/xampp/htdocs/fcra/" local="129775726960000000" remote="129775726960000000" />
<file name="header-bg.png" server="D:/xampp/htdocs/fcra/" local="129775372780000000" remote="129775372780000000" />
<file name="nav-bg.png" server="D:/xampp/htdocs/fcra/" local="129775284640000000" remote="129775284640000000" />
<file name="nav-hover.png" server="D:/xampp/htdocs/fcra/" local="129775285260000000" remote="129775285260000000" />
<file name="first-nav-hover.png" server="D:/xampp/htdocs/fcra/" local="129775285620000000" remote="129775285620000000" />
<file name="top-content.png" server="D:/xampp/htdocs/fcra/" local="129775439000000000" remote="129775439000000000" />
<file name="other-link-bg.png" server="D:/xampp/htdocs/fcra/" local="129775411420000000" remote="129775411420000000" />
<file name="panel-heading-bg.png" server="D:/xampp/htdocs/fcra/" local="129775649860000000" remote="129775649860000000" />
<file name="bottom-content.png" server="D:/xampp/htdocs/fcra/" local="129775701200000000" remote="129775701200000000" />
<file name="footer-box-bg.png" server="D:/xampp/htdocs/fcra/" local="129775738200000000" remote="129775738200000000" />
<file name="foot-divider.jpg" server="D:/xampp/htdocs/fcra/" local="129775763600000000" remote="129775763600000000" />
<file name="twitter.png" server="D:/xampp/htdocs/fcra/" local="129782408260000000" remote="129782408260000000" />
<file name="facebook.png" server="D:/xampp/htdocs/fcra/" local="129782408800000000" remote="129782408800000000" />
<file name="sand-message.png" server="D:/xampp/htdocs/fcra/" local="129778737940000000" remote="129778737940000000" />
</dwsync>